{"cameraMode":{"drawMode":0,"name":"Shaded","section":"Shading Mode"},"sceneLighting":true,"audioPlay":false,"sceneViewState":{"m_AlwaysRefresh":false,"showFog":true,"showSkybox":true,"showFlares":true,"showImageEffects":true,"showParticleSystems":true,"showVisualEffectGraphs":true,"m_FxEnabled":true},"in2DMode":false,"pivot":{"x":-10.958660125732422,"y":-2.170201063156128,"z":28.811452865600587},"rotation":{"x":-0.07447602599859238,"y":0.1107555702328682,"z":-0.008323398418724537,"w":-0.9910235404968262},"size":20.609935760498048,"orthographic":false}